[{"contentProviders":[],"metadata":[],"broadcastReceivers":[],"broadcastReceiver":[],"libraries":[],"services":[],"type":"de.ullisroboterseite.ursai2udp.UDPListener","androidMinSdk":["7"],"activityMetadata":[],"assets":[],"native":[],"permissions":["android.permission.INTERNET","android.permission.ACCESS_NETWORK_STATE"],"activities":[]},{"contentProviders":[],"metadata":[],"broadcastReceivers":[],"broadcastReceiver":[],"libraries":[],"services":[],"type":"de.ullisroboterseite.ursai2udp.UDPXmitter","androidMinSdk":["7"],"activityMetadata":[],"assets":[],"native":[],"permissions":["android.permission.INTERNET","android.permission.ACCESS_NETWORK_STATE"],"activities":[]}]